{
	"QStackedWidget":[
		{
			"name": "ammeasurepage",
			"transitionAnimation": [
				{
					"fade": [
						{
							"active": true,
							"duration": 700,
							"easingCurve": "OutBack"
						}
					],
					"slide": [
						{
							"active": false,
							"duration": 700,
							"direction": "vertical",
							"easingCurve": "OutBack"
						}
					]
				}
			],
			"navigation": [
				{
					"navigationButtons": [
						{
							"autoBtn": "autopage",
							"manualBtn": "manpage"
						}
					]
				}
			]
		}
	]
}