{
    "ShowLogs": true,
    "QMainWindow": [
        {
            "title": "PQ Program"
        }
    ],
    "QSettings": [
        {
            "ThemeSettings": [
                {
                    "CustomTheme": [
						{
                            "Background-color": "#1b1b27",
                            "Text-color": "#fff",
                            "Accent-color": "#cc5bce",
                            "Theme-name": "Default-Dark",
							"Icons-color": "#fff",
                            "Default-Theme": true
                        }
					]
                }
            ],
            "AppSettings": {
                "OrginizationName": "PQ Program",
                "ApplicationName": "PQ Program Company",
                "OrginizationDormain": "PQ Program.org"
            }
        }
    ],
    "QPushButtonGroup": [
        {
            "Buttons": [
                "btn_measure",
                "btn_control",
                "btn_serial",
                "btn_setup",
                "btn_help",
                "btn_exit"
            ],
    		"Style":[
                {
		        	"Active": "background-color: #1b1b27;border-left:1px solid #cc5bce; font-weight:bold;",
		        	"NotActive": "background-color: transparent; border: none"
		        }
            ]
	    }
    ],
    "QCustomSlideMenu": [
		{
			"name": "leftMenu",
			"defaultSize": [
				{
					"width": 200,
					"height": "parent"
				}
			],
			"collapsedSize": [
				{
					"width": 0,
					"height": "parent"
				}
			],
			"expandedSize": [
				{
					"width": 200,
					"height": "parent"
				}
			],
			"toggleButton": [
				{
					"buttonName": "menuBtn",
					"icons": [
						{
							"whenMenuIsCollapsed": ":/icons/Icons/align-justify.png",
							"whenMenuIsExpanded": ":/icons/Icons/chevron-left.png"
						}
					]
				}
			],
			"menuTransitionAnimation": [
				{
					"animationDuration": 500,
					"animationEasingCurve": "Linear"
				}
			]
		}
	],
	"QStackedWidget":[
		{
			"name": "mainPages",
			"transitionAnimation": [
				{
					"fade": [
						{
							"active": true,
							"duration": 700,
							"easingCurve": "OutBack"
						}
					],
					"slide": [
						{
							"active": true,
							"duration": 700,
							"direction": "horizontal",
							"easingCurve": "OutBack"
						}
					]
				}
			],
			"navigation": [
				{
					"navigationButtons": [
						{
							"btn_measure": "measurePage",
							"btn_control": "controlPage",
							"btn_serial": "serialPage",
							"btn_setup": "setupPage",
							"btn_help": "helpPage"
						}
					]
				}
			]
		}
		
	]
}